epoch,train_loss,val_loss,train_loss_delta_%,val_loss_delta_%,train_wer,val_wer,train_wer_delta_%,val_wer_delta_%
1,4.213905,2.435197,,,100.0329,100.0000,,
2,2.200352,1.379978,-47.78,-43.33,95.7653,95.3488,-4.27,-4.65
3,1.605286,1.124585,-27.04,-18.51,87.9091,81.0078,-8.20,-15.04
4,1.374733,0.963120,-14.36,-14.36,81.3932,77.9070,-7.41,-3.83
5,1.223259,0.880104,-11.02,-8.62,75.9235,67.8295,-6.72,-12.94
6,1.112491,0.833482,-9.06,-5.30,72.0262,70.1550,-5.13,3.43
7,1.018041,0.786522,-8.49,-5.63,68.0546,65.5039,-5.51,-6.63
